{"171001": {"id": 171001, "num_nom_retenu": "171001", "num_inpn": "", "code_rang": "290", "famille": "Poaceae", "url": "http://www.tela-botanica.org/bdtfx-nn-171001", "nom_scientifique": "Festuca elegans", "nom_retenu": "Festuca elegans", "auteur": "Boiss.", "genre": "Festuca", "annee_publ": "1838", "images": {"organes": {}, "others": {}}}, "171002": {"id": 171002, "num_nom_retenu": "171001", "num_inpn": "", "code_rang": "290", "famille": "Poaceae", "url": "http://www.tela-botanica.org/bdtfx-nn-171002", "nom_scientifique": "Festuca merinoi", "nom_retenu": "Festuca elegans", "auteur": "Pau", "genre": "Festuca", "annee_publ": "1902", "images": {"organes": {}, "others": {}}}, "171003": {"id": 171003, "num_nom_retenu": "171003", "num_inpn": "", "code_rang": "290", "famille": "Poaceae", "url": "http://www.tela-botanica.org/bdtfx-nn-171003", "nom_scientifique": "Festuca scariosa", "nom_retenu": "Festuca scariosa", "auteur": "Pau", "genre": "Festuca", "annee_publ": "1922", "images": {"organes": {}, "others": {}}}, "171004": {"id": 171004, "num_nom_retenu": "171004", "num_inpn": "", "code_rang": "290", "famille": "Poaceae", "url": "http://www.tela-botanica.org/bdtfx-nn-171004", "nom_scientifique": "Festuca pseudoeskia", "nom_retenu": "Festuca pseudoeskia", "auteur": "Boiss.", "genre": "Festuca", "annee_publ": "1838", "images": {"organes": {}, "others": {}}}, "171005": {"id": 171005, "num_nom_retenu": "171005", "num_inpn": "", "code_rang": "290", "famille": "Poaceae", "url": "http://www.tela-botanica.org/bdtfx-nn-171005", "nom_scientifique": "Festuca lasto", "nom_retenu": "Festuca lasto", "auteur": "Boiss.", "genre": "Festuca", "annee_publ": "1838", "images": {"organes": {}, "others": {}}}, "171006": {"id": 171006, "num_nom_retenu": "171006", "num_inpn": "", "code_rang": "290", "famille": "Poaceae", "url": "http://www.tela-botanica.org/bdtfx-nn-171006", "nom_scientifique": "Festuca patula", "nom_retenu": "Festuca patula", "auteur": "Desf.", "genre": "Festuca", "annee_publ": "1798", "images": {"organes": {}, "others": {}}}, "171007": {"id": 171007, "num_nom_retenu": "171007", "num_inpn": "", "code_rang": "290", "famille": "Poaceae", "url": "http://www.tela-botanica.org/bdtfx-nn-171007", "nom_scientifique": "Festuca baetica", "nom_retenu": "Festuca baetica", "auteur": "(Hack.) K.Richt.", "genre": "Festuca", "annee_publ": "1890", "images": {"organes": {}, "others": {}}}, "171008": {"id": 171008, "num_nom_retenu": "171008", "num_inpn": "", "code_rang": "320", "famille": "Poaceae", "url": "http://www.tela-botanica.org/bdtfx-nn-171008", "nom_scientifique": "Festuca baetica subsp. baetica", "nom_retenu": "Festuca baetica subsp. baetica", "auteur": "", "genre": "Festuca", "annee_publ": "", "images": {"organes": {}, "others": {}}}, "171009": {"id": 171009, "num_nom_retenu": "171009", "num_inpn": "", "code_rang": "320", "famille": "Poaceae", "url": "http://www.tela-botanica.org/bdtfx-nn-171009", "nom_scientifique": "Festuca baetica subsp. moleroi", "nom_retenu": "Festuca baetica subsp. moleroi", "auteur": "(Cebolla & Rivas\u00a0Ponce) Cebolla & Rivas\u00a0Ponce", "genre": "Festuca", "annee_publ": "1990", "images": {"organes": {}, "others": {}}}, "171010": {"id": 171010, "num_nom_retenu": "171007", "num_inpn": "", "code_rang": "340", "famille": "Poaceae", "url": "http://www.tela-botanica.org/bdtfx-nn-171010", "nom_scientifique": "Festuca spadicea var. baetica", "nom_retenu": "Festuca baetica", "auteur": "Hack.", "genre": "Festuca", "annee_publ": "1882", "images": {"organes": {}, "others": {}}}, "171011": {"id": 171011, "num_nom_retenu": "171009", "num_inpn": "", "code_rang": "340", "famille": "Poaceae", "url": "http://www.tela-botanica.org/bdtfx-nn-171011", "nom_scientifique": "Festuca paniculata var. moleroi", "nom_retenu": "Festuca baetica subsp. moleroi", "auteur": "Cebolla & Rivas\u00a0Ponce", "genre": "Festuca", "annee_publ": "1988", "images": {"organes": {}, "others": {}}}, "171014": {"id": 171014, "num_nom_retenu": "171014", "num_inpn": "", "code_rang": "320", "famille": "Poaceae", "url": "http://www.tela-botanica.org/bdtfx-nn-171014", "nom_scientifique": "Patzkea durandoi subsp. capillifolia", "nom_retenu": "Patzkea durandoi subsp. capillifolia", "auteur": "(Willk.) H.Scholz", "genre": "Patzkea", "annee_publ": "2010", "images": {"organes": {}, "others": {}}}, "171015": {"id": 171015, "num_nom_retenu": "171014", "num_inpn": "", "code_rang": "340", "famille": "Poaceae", "url": "http://www.tela-botanica.org/bdtfx-nn-171015", "nom_scientifique": "Festuca paniculata var. capillifolia", "nom_retenu": "Patzkea durandoi subsp. capillifolia", "auteur": "Willk.", "genre": "Festuca", "annee_publ": "1893", "images": {"organes": {}, "others": {}}}, "171016": {"id": 171016, "num_nom_retenu": "171016", "num_inpn": "", "code_rang": "320", "famille": "Poaceae", "url": "http://www.tela-botanica.org/bdtfx-nn-171016", "nom_scientifique": "Patzkea paniculata subsp. multispiculata", "nom_retenu": "Patzkea paniculata subsp. multispiculata", "auteur": "(Rivas\u00a0Ponce & Cebolla) H.Scholz", "genre": "Patzkea", "annee_publ": "2010", "images": {"organes": {}, "others": {}}}, "171017": {"id": 171017, "num_nom_retenu": "171016", "num_inpn": "", "code_rang": "320", "famille": "Poaceae", "url": "http://www.tela-botanica.org/bdtfx-nn-171017", "nom_scientifique": "Festuca paniculata subsp. multispiculata", "nom_retenu": "Patzkea paniculata subsp. multispiculata", "auteur": "Rivas\u00a0Ponce & Cebolla", "genre": "Festuca", "annee_publ": "1988", "images": {"organes": {}, "others": {}}}, "171018": {"id": 171018, "num_nom_retenu": "171018", "num_inpn": "", "code_rang": "320", "famille": "Poaceae", "url": "http://www.tela-botanica.org/bdtfx-nn-171018", "nom_scientifique": "Patzkea paniculata subsp. paui", "nom_retenu": "Patzkea paniculata subsp. paui", "auteur": "Cebolla & Rivas\u00a0Ponce", "genre": "Patzkea", "annee_publ": "1990", "images": {"organes": {}, "others": {}}}, "171019": {"id": 171019, "num_nom_retenu": "171019", "num_inpn": "", "code_rang": "320", "famille": "Poaceae", "url": "http://www.tela-botanica.org/bdtfx-nn-171019", "nom_scientifique": "Lolium arundinaceum subsp. cordubensis", "nom_retenu": "Lolium arundinaceum subsp. cordubensis", "auteur": "(Devesa) B.Bock", "genre": "Lolium", "annee_publ": "", "images": {"organes": {}, "others": {}}}, "171020": {"id": 171020, "num_nom_retenu": "171019", "num_inpn": "", "code_rang": "290", "famille": "Poaceae", "url": "http://www.tela-botanica.org/bdtfx-nn-171020", "nom_scientifique": "Festuca cordubensis", "nom_retenu": "Lolium arundinaceum subsp. cordubensis", "auteur": "Devesa", "genre": "Festuca", "annee_publ": "1986", "images": {"organes": {}, "others": {}}}, "171021": {"id": 171021, "num_nom_retenu": "171019", "num_inpn": "", "code_rang": "320", "famille": "Poaceae", "url": "http://www.tela-botanica.org/bdtfx-nn-171021", "nom_scientifique": "Festuca arundinacea subsp. cordubensis", "nom_retenu": "Lolium arundinaceum subsp. cordubensis", "auteur": "(Devesa) Devesa & Mart.-Sagarra", "genre": "Festuca", "annee_publ": "2019", "images": {"organes": {}, "others": {}}}, "171022": {"id": 171022, "num_nom_retenu": "171022", "num_inpn": "", "code_rang": "290", "famille": "Amaryllidaceae", "url": "http://www.tela-botanica.org/bdtfx-nn-171022", "nom_scientifique": "Nothoscordum nudicaule", "nom_retenu": "Nothoscordum nudicaule", "auteur": "(Lehm.) Guagl.", "genre": "Nothoscordum", "annee_publ": "1972", "images": {"organes": {}, "others": {}}}, "171023": {"id": 171023, "num_nom_retenu": "171022", "num_inpn": "", "code_rang": "290", "famille": "Amaryllidaceae", "url": "http://www.tela-botanica.org/bdtfx-nn-171023", "nom_scientifique": "Allium nudicaule", "nom_retenu": "Nothoscordum nudicaule", "auteur": "Lehm.", "genre": "Allium", "annee_publ": "1826", "images": {"organes": {}, "others": {}}}, "171024": {"id": 171024, "num_nom_retenu": "171024", "num_inpn": "", "code_rang": "290", "famille": "Cactaceae", "url": "http://www.tela-botanica.org/bdtfx-nn-171024", "nom_scientifique": "Opuntia puberula", "nom_retenu": "Opuntia puberula", "auteur": "Hort.Vindob. ex Pfeiff.", "genre": "Opuntia", "annee_publ": "1837", "images": {"organes": {}, "others": {}}}, "171025": {"id": 171025, "num_nom_retenu": "171025", "num_inpn": "", "code_rang": "290", "famille": "Cactaceae", "url": "http://www.tela-botanica.org/bdtfx-nn-171025", "nom_scientifique": "Opuntia bonaerensis", "nom_retenu": "Opuntia bonaerensis", "auteur": "Speg.", "genre": "Opuntia", "annee_publ": "1901", "images": {"organes": {}, "others": {}}}, "171026": {"id": 171026, "num_nom_retenu": "171026", "num_inpn": "", "code_rang": "290", "famille": "Lamiaceae", "url": "http://www.tela-botanica.org/bdtfx-nn-171026", "nom_scientifique": "Salvia transsylvanica", "nom_retenu": "Salvia transsylvanica", "auteur": "(Schur ex Griseb. & Schenk) Schur", "genre": "Salvia", "annee_publ": "1853", "images": {"organes": {}, "others": {}}}, "171027": {"id": 171027, "num_nom_retenu": "171026", "num_inpn": "", "code_rang": "340", "famille": "Lamiaceae", "url": "http://www.tela-botanica.org/bdtfx-nn-171027", "nom_scientifique": "Salvia pratensis var. transsylvanica", "nom_retenu": "Salvia transsylvanica", "auteur": "Schur ex Griseb. & Schenk", "genre": "Salvia", "annee_publ": "1852", "images": {"organes": {}, "others": {}}}, "171028": {"id": 171028, "num_nom_retenu": "14983", "num_inpn": "", "code_rang": "290", "famille": "Poaceae", "url": "http://www.tela-botanica.org/bdtfx-nn-171028", "nom_scientifique": "Cenchrus spinifex", "nom_retenu": "Cenchrus longispinus", "auteur": "Cav.", "genre": "Cenchrus", "annee_publ": "1799", "images": {"organes": {}, "others": {}}}, "171029": {"id": 171029, "num_nom_retenu": "65440", "num_inpn": "", "code_rang": "290", "famille": "Poaceae", "url": "http://www.tela-botanica.org/bdtfx-nn-171029", "nom_scientifique": "Spartina fasciculata", "nom_retenu": "Spartina alterniflora", "auteur": "P.Beauv.", "genre": "Spartina", "annee_publ": "1812", "images": {"organes": {}, "others": {}}}, "171030": {"id": 171030, "num_nom_retenu": "171030", "num_inpn": "", "code_rang": "290", "famille": "Poaceae", "url": "http://www.tela-botanica.org/bdtfx-nn-171030", "nom_scientifique": "Spartina densiflora", "nom_retenu": "Spartina densiflora", "auteur": "Brongn.", "genre": "Spartina", "annee_publ": "1829", "images": {"organes": {}, "others": {}}}, "171031": {"id": 171031, "num_nom_retenu": "171031", "num_inpn": "", "code_rang": "290", "famille": "Poaceae", "url": "http://www.tela-botanica.org/bdtfx-nn-171031", "nom_scientifique": "Spartina x onubensis", "nom_retenu": "Spartina x onubensis", "auteur": "S\u00e1nchezGull\u00f3n, M.D.Infante & B.Gallego", "genre": "Spartina", "annee_publ": "2019", "images": {"organes": {}, "others": {}}}, "171032": {"id": 171032, "num_nom_retenu": "26994", "num_inpn": "", "code_rang": "360", "famille": "Poaceae", "url": "http://www.tela-botanica.org/bdtfx-nn-171032", "nom_scientifique": "Festuca ovina f. villiflora", "nom_retenu": "Festuca glauca", "auteur": "Litard.", "genre": "Festuca", "annee_publ": "", "images": {"organes": {}, "others": {}}}, "171033": {"id": 171033, "num_nom_retenu": "171033", "num_inpn": "", "code_rang": "290", "famille": "Lentibulariaceae", "url": "http://www.tela-botanica.org/bdtfx-nn-171033", "nom_scientifique": "Utricularia tenuicaulis", "nom_retenu": "Utricularia tenuicaulis", "auteur": "Miki", "genre": "Utricularia", "annee_publ": "1935", "images": {"organes": {}, "others": {}}}, "171034": {"id": 171034, "num_nom_retenu": "3965", "num_inpn": "", "code_rang": "320", "famille": "Amaranthaceae", "url": "http://www.tela-botanica.org/bdtfx-nn-171034", "nom_scientifique": "Amaranthus powellii subsp. bouchonii", "nom_retenu": "Amaranthus hybridus subsp. bouchonii", "auteur": "(Thell.) Costea & Carretero", "genre": "Amaranthus", "annee_publ": "2001", "images": {"organes": {}, "others": {}}}, "171035": {"id": 171035, "num_nom_retenu": "171035", "num_inpn": "", "code_rang": "290", "famille": "Lamiaceae", "url": "http://www.tela-botanica.org/bdtfx-nn-171035", "nom_scientifique": "Vitex negundo", "nom_retenu": "Vitex negundo", "auteur": "L.", "genre": "Vitex", "annee_publ": "1753", "images": {"organes": {}, "others": {}}}, "171036": {"id": 171036, "num_nom_retenu": "171036", "num_inpn": "", "code_rang": "290", "famille": "Ericaceae", "url": "http://www.tela-botanica.org/bdtfx-nn-171036", "nom_scientifique": "Arbutus menziesii", "nom_retenu": "Arbutus menziesii", "auteur": "Pursh", "genre": "Arbutus", "annee_publ": "1813", "images": {"organes": {}, "others": {}}}, "171037": {"id": 171037, "num_nom_retenu": "171037", "num_inpn": "", "code_rang": "290", "famille": "Rhamnaceae", "url": "http://www.tela-botanica.org/bdtfx-nn-171037", "nom_scientifique": "Colletia spinosissima", "nom_retenu": "Colletia spinosissima", "auteur": "J.F.Gmel.", "genre": "Colletia", "annee_publ": "1791", "images": {"organes": {}, "others": {}}}, "171038": {"id": 171038, "num_nom_retenu": "168877", "num_inpn": "", "code_rang": "290", "famille": "Asteraceae", "url": "http://www.tela-botanica.org/bdtfx-nn-171038", "nom_scientifique": "Brachyglottis laxifolia", "nom_retenu": "Brachyglottis greyi", "auteur": "(Buchanan) B.Nord.", "genre": "Brachyglottis", "annee_publ": "1978", "images": {"organes": {}, "others": {}}}, "171039": {"id": 171039, "num_nom_retenu": "168877", "num_inpn": "", "code_rang": "290", "famille": "Asteraceae", "url": "http://www.tela-botanica.org/bdtfx-nn-171039", "nom_scientifique": "Senecio laxifolius", "nom_retenu": "Brachyglottis greyi", "auteur": "Buchanan", "genre": "Senecio", "annee_publ": "1870", "images": {"organes": {}, "others": {}}}, "171040": {"id": 171040, "num_nom_retenu": "171040", "num_inpn": "", "code_rang": "340", "famille": "Blechnaceae", "url": "http://www.tela-botanica.org/bdtfx-nn-171040", "nom_scientifique": "Struthiopteris spicant var. pradae", "nom_retenu": "Struthiopteris spicant var. pradae", "auteur": "S.Molino & Gabriel y Gal\u00e1n", "genre": "Struthiopteris", "annee_publ": "2019", "images": {"organes": {}, "others": {}}}, "171041": {"id": 171041, "num_nom_retenu": "122321", "num_inpn": "", "code_rang": "290", "famille": "Asteraceae", "url": "http://www.tela-botanica.org/bdtfx-nn-171041", "nom_scientifique": "Echinops taygeteus", "nom_retenu": "Echinops sphaerocephalus subsp. taygeteus", "auteur": "Boiss. & Heldr.", "genre": "Echinops", "annee_publ": "1846", "images": {"organes": {}, "others": {}}}}