[
  {
    "file": "170001-171000.json",
    "path": "data/ref/170001-171000.json",
    "finish_at": "2023-03-06 22:06:34.196577"
  },
  {
    "file": "17001-18000.json",
    "path": "data/ref/17001-18000.json",
    "finish_at": "2023-03-06 22:12:30.520326"
  },
  {
    "file": "171001-171041.json",
    "path": "data/ref/171001-171041.json",
    "finish_at": "2023-03-06 22:12:33.540172"
  },
  {
    "file": "18001-19000.json",
    "path": "data/ref/18001-19000.json",
    "finish_at": "2023-03-06 22:18:47.352105"
  },
  {
    "file": "19001-20000.json",
    "path": "data/ref/19001-20000.json",
    "finish_at": "2023-03-06 22:23:41.916128"
  },
  {
    "file": "20001-21000.json",
    "path": "data/ref/20001-21000.json",
    "finish_at": "2023-03-06 22:29:33.600281"
  },
  {
    "file": "2001-3000.json",
    "path": "data/ref/2001-3000.json",
    "finish_at": "2023-03-06 22:59:25.175406"
  },
  {
    "file": "22001-23000.json",
    "path": "data/ref/22001-23000.json",
    "finish_at": "2023-03-06 23:09:53.918879"
  },
  {
    "file": "23001-24000.json",
    "path": "data/ref/23001-24000.json",
    "finish_at": "2023-03-06 23:15:19.670725"
  },
  {
    "file": "24001-25000.json",
    "path": "data/ref/24001-25000.json",
    "finish_at": "2023-03-06 23:19:30.828816"
  },
  {
    "file": "25001-26000.json",
    "path": "data/ref/25001-26000.json",
    "finish_at": "2023-03-06 23:28:07.181932"
  },
  {
    "file": "26001-27000.json",
    "path": "data/ref/26001-27000.json",
    "finish_at": "2023-03-06 23:32:32.687204"
  },
  {
    "file": "27001-28000.json",
    "path": "data/ref/27001-28000.json",
    "finish_at": "2023-03-06 23:35:28.393253"
  },
  {
    "file": "28001-29000.json",
    "path": "data/ref/28001-29000.json",
    "finish_at": "2023-03-06 23:40:19.434879"
  },
  {
    "file": "29001-30000.json",
    "path": "data/ref/29001-30000.json",
    "finish_at": "2023-03-06 23:44:35.376016"
  },
  {
    "file": "30001-31000.json",
    "path": "data/ref/30001-31000.json",
    "finish_at": "2023-03-06 23:50:27.008315"
  },
  {
    "file": "3001-4000.json",
    "path": "data/ref/3001-4000.json",
    "finish_at": "2023-03-06 23:54:36.318972"
  },
  {
    "file": "31001-32000.json",
    "path": "data/ref/31001-32000.json",
    "finish_at": "2023-03-06 23:59:52.249208"
  },
  {
    "file": "32001-33000.json",
    "path": "data/ref/32001-33000.json",
    "finish_at": "2023-03-07 10:41:12.692727"
  },
  {
    "file": "33001-34000.json",
    "path": "data/ref/33001-34000.json",
    "finish_at": "2023-03-07 10:46:13.537408"
  },
  {
    "file": "34001-35000.json",
    "path": "data/ref/34001-35000.json",
    "finish_at": "2023-03-07 11:17:40.442731"
  },
  {
    "file": "35001-36000.json",
    "path": "data/ref/35001-36000.json",
    "finish_at": "2023-03-07 11:23:53.960763"
  },
  {
    "file": "36001-37000.json",
    "path": "data/ref/36001-37000.json",
    "finish_at": "2023-03-07 11:30:36.924143"
  },
  {
    "file": "37001-38000.json",
    "path": "data/ref/37001-38000.json",
    "finish_at": "2023-03-07 11:36:09.469306"
  },
  {
    "file": "38001-39000.json",
    "path": "data/ref/38001-39000.json",
    "finish_at": "2023-03-07 11:42:05.002687"
  },
  {
    "file": "39001-40000.json",
    "path": "data/ref/39001-40000.json",
    "finish_at": "2023-03-07 11:47:07.829275"
  },
  {
    "file": "40001-41000.json",
    "path": "data/ref/40001-41000.json",
    "finish_at": "2023-03-07 11:53:09.275176"
  },
  {
    "file": "4001-5000.json",
    "path": "data/ref/4001-5000.json",
    "finish_at": "2023-03-07 11:59:38.870035"
  },
  {
    "file": "41001-42000.json",
    "path": "data/ref/41001-42000.json",
    "finish_at": "2023-03-07 12:04:07.750788"
  },
  {
    "file": "42001-43000.json",
    "path": "data/ref/42001-43000.json",
    "finish_at": "2023-03-07 12:10:05.861420"
  },
  {
    "file": "43001-44000.json",
    "path": "data/ref/43001-44000.json",
    "finish_at": "2023-03-07 12:15:23.245471"
  },
  {
    "file": "44001-45000.json",
    "path": "data/ref/44001-45000.json",
    "finish_at": "2023-03-07 12:21:47.547736"
  },
  {
    "file": "45001-46000.json",
    "path": "data/ref/45001-46000.json",
    "finish_at": "2023-03-07 12:27:56.456420"
  },
  {
    "file": "46001-47000.json",
    "path": "data/ref/46001-47000.json",
    "finish_at": "2023-03-07 12:32:52.998444"
  },
  {
    "file": "47001-48000.json",
    "path": "data/ref/47001-48000.json",
    "finish_at": "2023-03-07 12:37:43.904771"
  },
  {
    "file": "48001-49000.json",
    "path": "data/ref/48001-49000.json",
    "finish_at": "2023-03-07 12:43:46.780890"
  },
  {
    "file": "49001-50000.json",
    "path": "data/ref/49001-50000.json",
    "finish_at": "2023-03-07 12:49:09.137060"
  },
  {
    "file": "50001-51000.json",
    "path": "data/ref/50001-51000.json",
    "finish_at": "2023-03-07 12:52:16.889805"
  },
  {
    "file": "5001-6000.json",
    "path": "data/ref/5001-6000.json",
    "finish_at": "2023-03-07 12:57:27.315286"
  },
  {
    "file": "51001-52000.json",
    "path": "data/ref/51001-52000.json",
    "finish_at": "2023-03-07 13:01:47.615613"
  },
  {
    "file": "52001-53000.json",
    "path": "data/ref/52001-53000.json",
    "finish_at": "2023-03-07 13:04:57.948164"
  },
  {
    "file": "53001-54000.json",
    "path": "data/ref/53001-54000.json",
    "finish_at": "2023-03-07 13:10:09.312355"
  },
  {
    "file": "54001-55000.json",
    "path": "data/ref/54001-55000.json",
    "finish_at": "2023-03-07 13:14:42.045861"
  },
  {
    "file": "55001-56000.json",
    "path": "data/ref/55001-56000.json",
    "finish_at": "2023-03-07 13:33:17.942747"
  },
  {
    "file": "56001-57000.json",
    "path": "data/ref/56001-57000.json",
    "finish_at": "2023-03-07 13:37:20.028870"
  },
  {
    "file": "57001-58000.json",
    "path": "data/ref/57001-58000.json",
    "finish_at": "2023-03-07 13:40:30.992429"
  },
  {
    "file": "58001-59000.json",
    "path": "data/ref/58001-59000.json",
    "finish_at": "2023-03-07 13:45:03.826613"
  },
  {
    "file": "59001-60000.json",
    "path": "data/ref/59001-60000.json",
    "finish_at": "2023-03-07 13:48:34.779458"
  },
  {
    "file": "60001-61000.json",
    "path": "data/ref/60001-61000.json",
    "finish_at": "2023-03-07 13:53:27.187989"
  },
  {
    "file": "6001-7000.json",
    "path": "data/ref/6001-7000.json",
    "finish_at": "2023-03-07 13:58:27.618676"
  },
  {
    "file": "61001-62000.json",
    "path": "data/ref/61001-62000.json",
    "finish_at": "2023-03-07 14:03:49.450950"
  },
  {
    "file": "62001-63000.json",
    "path": "data/ref/62001-63000.json",
    "finish_at": "2023-03-07 14:07:59.834169"
  },
  {
    "file": "63001-64000.json",
    "path": "data/ref/63001-64000.json",
    "finish_at": "2023-03-07 14:12:59.518594"
  },
  {
    "file": "64001-65000.json",
    "path": "data/ref/64001-65000.json",
    "finish_at": "2023-03-07 14:16:43.997650"
  },
  {
    "file": "65001-66000.json",
    "path": "data/ref/65001-66000.json",
    "finish_at": "2023-03-07 14:22:16.794132"
  },
  {
    "file": "66001-67000.json",
    "path": "data/ref/66001-67000.json",
    "finish_at": "2023-03-07 14:28:35.064771"
  },
  {
    "file": "67001-68000.json",
    "path": "data/ref/67001-68000.json",
    "finish_at": "2023-03-07 14:33:47.778139"
  },
  {
    "file": "68001-69000.json",
    "path": "data/ref/68001-69000.json",
    "finish_at": "2023-03-07 14:40:15.913026"
  },
  {
    "file": "69001-70000.json",
    "path": "data/ref/69001-70000.json",
    "finish_at": "2023-03-07 14:45:39.815066"
  },
  {
    "file": "70001-71000.json",
    "path": "data/ref/70001-71000.json",
    "finish_at": "2023-03-07 14:51:28.746877"
  },
  {
    "file": "7001-8000.json",
    "path": "data/ref/7001-8000.json",
    "finish_at": "2023-03-07 14:56:54.183722"
  },
  {
    "file": "71001-72000.json",
    "path": "data/ref/71001-72000.json",
    "finish_at": "2023-03-07 15:01:00.313461"
  },
  {
    "file": "72001-73000.json",
    "path": "data/ref/72001-73000.json",
    "finish_at": "2023-03-07 15:06:51.927724"
  },
  {
    "file": "73001-74000.json",
    "path": "data/ref/73001-74000.json",
    "finish_at": "2023-03-07 15:12:29.842339"
  },
  {
    "file": "74001-75000.json",
    "path": "data/ref/74001-75000.json",
    "finish_at": "2023-03-07 15:20:23.208259"
  },
  {
    "file": "75001-76000.json",
    "path": "data/ref/75001-76000.json",
    "finish_at": "2023-03-07 15:28:01.602219"
  },
  {
    "file": "76001-77000.json",
    "path": "data/ref/76001-77000.json",
    "finish_at": "2023-03-07 15:34:55.209549"
  },
  {
    "file": "77001-78000.json",
    "path": "data/ref/77001-78000.json",
    "finish_at": "2023-03-07 15:42:58.512230"
  },
  {
    "file": "78001-79000.json",
    "path": "data/ref/78001-79000.json",
    "finish_at": "2023-03-07 15:50:44.736683"
  },
  {
    "file": "79001-80000.json",
    "path": "data/ref/79001-80000.json",
    "finish_at": "2023-03-07 15:58:24.133775"
  },
  {
    "file": "80001-81000.json",
    "path": "data/ref/80001-81000.json",
    "finish_at": "2023-03-07 16:06:17.734066"
  },
  {
    "file": "8001-9000.json",
    "path": "data/ref/8001-9000.json",
    "finish_at": "2023-03-07 16:11:29.804965"
  },
  {
    "file": "81001-82000.json",
    "path": "data/ref/81001-82000.json",
    "finish_at": "2023-03-07 16:19:06.498913"
  },
  {
    "file": "82001-83000.json",
    "path": "data/ref/82001-83000.json",
    "finish_at": "2023-03-07 18:07:25.763580"
  },
  {
    "file": "83001-84000.json",
    "path": "data/ref/83001-84000.json",
    "finish_at": "2023-03-07 18:20:08.463779"
  },
  {
    "file": "84001-85000.json",
    "path": "data/ref/84001-85000.json",
    "finish_at": "2023-03-07 18:28:09.798425"
  },
  {
    "file": "85001-86000.json",
    "path": "data/ref/85001-86000.json",
    "finish_at": "2023-03-07 18:36:05.519260"
  },
  {
    "file": "86001-87000.json",
    "path": "data/ref/86001-87000.json",
    "finish_at": "2023-03-07 18:43:59.703672"
  },
  {
    "file": "87001-99000.json",
    "path": "data/ref/87001-99000.json",
    "finish_at": "2023-03-07 19:08:34.539943"
  },
  {
    "file": "9001-10000.json",
    "path": "data/ref/9001-10000.json",
    "finish_at": "2023-03-07 19:14:50.886071"
  },
  {
    "file": "99001-100000.json",
    "path": "data/ref/99001-100000.json",
    "finish_at": "2023-03-09 20:19:53.722719"
  }
]